<TARGET_COLLECTIONS>
 <TARGET DESC="" NAME="T_counterTop_pickup2_Withraw">
  <TYPE>APPROACH, JOINT</TYPE>
  <POSITION>1193.0000, -87.0000, 150.0000, -1.5708</POSITION>
 </TARGET>
 <TARGET DESC="" NAME="T_Cup_Drop_Place">
  <TYPE>FINAL, JOINT</TYPE>
  <POSITION>219.8800, 363.3600, 580.0000, 2.1024</POSITION>
 </TARGET>
 <TARGET DESC="" NAME="T_CupPlace_1_Entrance">
  <TYPE>APPROACH, JOINT</TYPE>
  <POSITION>635.0000, -137.0000, 150.0000, -1.5708</POSITION>
 </TARGET>
 <TARGET DESC="" NAME="T_counterTop_pickup2">
  <TYPE>FINAL, CARTESIAN</TYPE>
  <POSITION>943.0000, -354.9800, 250.0000, -1.5708</POSITION>
 </TARGET>
 <TARGET DESC="" NAME="T_PickUP_MoveUP2">
  <TYPE>APPROACH, JOINT</TYPE>
  <POSITION>943.0000, -120.0000, 250.0000, -1.5708</POSITION>
 </TARGET>
 <TARGET DESC="" NAME="T_SyrupPlace_3_Entrance">
  <TYPE>APPROACH, JOINT</TYPE>
  <POSITION>1300.0000, 130.0000, 520.0000, 1.5708</POSITION>
 </TARGET>
 <TARGET DESC="" NAME="T_SyrupPlace_3">
  <TYPE>FINAL, CARTESIAN</TYPE>
  <POSITION>1300.0000, 388.0000, 520.0000, 1.5708</POSITION>
 </TARGET>
 <TARGET DESC="" NAME="T_SyrupPlace_2_Entrance">
  <TYPE>APPROACH, JOINT</TYPE>
  <POSITION>1200.0000, 130.0000, 520.0000, 1.5708</POSITION>
 </TARGET>
 <TARGET DESC="" NAME="T_SyrupPlace_1">
  <TYPE>FINAL, CARTESIAN</TYPE>
  <POSITION>1000.0000, 300.0000, 420.0000, 1.5708</POSITION>
 </TARGET>
 <TARGET DESC="" NAME="T_Shelve_Obj5">
  <TYPE>FINAL, CARTESIAN</TYPE>
  <POSITION>400.0000, 337.0000, 863.0000, 1.5708</POSITION>
 </TARGET>
 <TARGET DESC="" NAME="T_CoffeePlace_Entrance">
  <TYPE>APPROACH, JOINT</TYPE>
  <POSITION>700.0000, 130.0000, 371.0000, 1.5708</POSITION>
 </TARGET>
 <TARGET DESC="" NAME="T_WaterPlace_Entrance">
  <TYPE>APPROACH, JOINT</TYPE>
  <POSITION>888.0000, 130.0000, 648.0000, 1.5708</POSITION>
 </TARGET>
 <TARGET DESC="" NAME="T_SyrupPlace_1_Entrance">
  <TYPE>APPROACH, JOINT</TYPE>
  <POSITION>1000.0000, 130.0000, 420.0000, 1.5708</POSITION>
 </TARGET>
 <TARGET DESC="" NAME="T_Shelve_Obj5_Withraw">
  <TYPE>APPROACH, JOINT</TYPE>
  <POSITION>400.0000, 226.6800, 863.0000, 1.5708</POSITION>
 </TARGET>
 <TARGET DESC="test ok" NAME="T_SyrupPlace_2">
  <TYPE>FINAL, CARTESIAN</TYPE>
  <POSITION>1200.0000, 300.0000, 520.0000, 1.5708</POSITION>
 </TARGET>
 <TARGET DESC="" NAME="T_Home_SafeHeight">
  <TYPE>FINAL, JOINT</TYPE>
  <POSITION>1120.0000, 0.0000, 522.0000, 0.0000</POSITION>
 </TARGET>
 <TARGET DESC="" NAME="T_CupPlace_2_Entrance">
  <TYPE>APPROACH, JOINT</TYPE>
  <POSITION>1337.0000, -176.0000, 250.0000, -2.2515</POSITION>
 </TARGET>
 <TARGET DESC="" NAME="T_test10">
  <TYPE>APPROACH, JOINT</TYPE>
  <POSITION>1193.0000, 138.0000, 150.0000, 1.5708</POSITION>
 </TARGET>
 <TARGET DESC="" NAME="T_test11">
  <TYPE>APPROACH, JOINT</TYPE>
  <POSITION>1192.9200, 87.0000, 150.0000, 1.5708</POSITION>
 </TARGET>
 <TARGET DESC="" NAME="T_test12">
  <TYPE>FINAL, JOINT</TYPE>
  <POSITION>1192.9200, 452.0000, 150.0000, 1.5708</POSITION>
 </TARGET>
 <TARGET DESC="" NAME="T_CupPlace_2">
  <TYPE>FINAL, JOINT</TYPE>
  <POSITION>1193.0000, -355.0000, 250.0000, -2.2515</POSITION>
 </TARGET>
 <TARGET DESC="" NAME="T_streachout">
  <TYPE>FINAL, JOINT</TYPE>
  <POSITION>1193.0500, -87.0200, 150.0000, 0.0000</POSITION>
 </TARGET>
 <TARGET DESC="" NAME="T_Place1_1">
  <TYPE>FINAL, JOINT</TYPE>
  <POSITION>635.0000, -355.0000, 150.0000, -1.5708</POSITION>
 </TARGET>
 <TARGET DESC="" NAME="T_CupPlace1_90">
  <TYPE>FINAL, JOINT</TYPE>
  <POSITION>635.0000, -138.2300, 150.0000, -3.1414</POSITION>
 </TARGET>
 <TARGET DESC="" NAME="T_CupPlace_1">
  <TYPE>FINAL, JOINT</TYPE>
  <POSITION>635.1450, -355.0732, 150.0000, -1.5704</POSITION>
 </TARGET>
 <TARGET DESC="" NAME="T_Cup_Drop_Entry">
  <TYPE>APPROACH, JOINT</TYPE>
  <POSITION>326.6800, 178.9800, 580.0000, 2.1024</POSITION>
 </TARGET>
 <TARGET DESC="" NAME="T_CoffeePlace">
  <TYPE>FINAL, JOINT</TYPE>
  <POSITION>700.0000, 388.0000, 371.0000, 1.5708</POSITION>
 </TARGET>
 <TARGET DESC="" NAME="T_CupPlace_2_down">
  <TYPE>FINAL, JOINT</TYPE>
  <POSITION>1193.0400, -354.9800, 86.0000, -2.2516</POSITION>
 </TARGET>
 <TARGET DESC="" NAME="T_CupPlace_2_Entrance_lower">
  <TYPE>APPROACH, JOINT</TYPE>
  <POSITION>1332.6700, -173.7600, 86.0000, -2.2749</POSITION>
 </TARGET>
 <TARGET DESC="" NAME="T_Cup_Drop_Entry_below">
  <TYPE>APPROACH, JOINT</TYPE>
  <POSITION>326.7100, 179.0000, 500.0000, 2.1024</POSITION>
 </TARGET>
 <TARGET DESC="" NAME="T_Cup_Drop_Place_below">
  <TYPE>FINAL, JOINT</TYPE>
  <POSITION>219.8800, 363.3600, 500.0000, 2.1024</POSITION>
 </TARGET>
 <TARGET DESC="" NAME="T_SyrupPlace_2_Entry_90">
  <TYPE>APPROACH, JOINT</TYPE>
  <POSITION>1200.0700, 129.9900, 520.0000, 0.0000</POSITION>
 </TARGET>
 <TARGET DESC="" NAME="T_counterTop_pickup2_down">
  <TYPE>FINAL, JOINT</TYPE>
  <POSITION>943.1900, -354.9800, 86.0000, -1.5701</POSITION>
 </TARGET>
 <TARGET DESC="" NAME="T_PickUP_MoveUP2_down">
  <TYPE>APPROACH, JOINT</TYPE>
  <POSITION>943.0300, -120.0300, 86.0000, -1.5697</POSITION>
 </TARGET>
 <TARGET DESC="" NAME="T_qq">
  <TYPE>FINAL, JOINT</TYPE>
  <POSITION>622.5769, -75.1812, 150.0000, -1.5706</POSITION>
 </TARGET>
 <TARGET DESC="" NAME="T_qw">
  <TYPE>APPROACH, CARTESIAN</TYPE>
  <POSITION>889.1489, -222.5843, 250.0000, -1.5712</POSITION>
 </TARGET>
 <TARGET DESC="" NAME="T_12">
  <TYPE>FINAL, JOINT</TYPE>
  <POSITION>487.5907, -354.9684, 250.0000, -1.5710</POSITION>
 </TARGET>
 <TARGET DESC="" NAME="T_90">
  <TYPE>FINAL, JOINT</TYPE>
  <POSITION>1000.0400, 299.9600, 420.0000, 0.0000</POSITION>
 </TARGET>
 <TARGET DESC="" NAME="T_TAG67_CENTER">
  <TYPE>APPROACH, JOINT</TYPE>
  <POSITION>686.9869, 250.0038, 253.5000, 1.5708</POSITION>
 </TARGET>
 <TARGET DESC="" NAME="T_TAG67_RIGHT_TOP">
  <TYPE>APPROACH, JOINT</TYPE>
  <POSITION>736.9869, 250.0038, 303.5000, 1.5708</POSITION>
 </TARGET>
 <TARGET DESC="" NAME="T_TAG67_CENTER_Y_600">
  <TYPE>APPROACH, JOINT</TYPE>
  <POSITION>686.9900, 150.0000, 253.5000, 1.5708</POSITION>
 </TARGET>
 <TARGET DESC="" NAME="T_TAG67_CENTER_Y_400">
  <TYPE>APPROACH, JOINT</TYPE>
  <POSITION>686.9900, 350.0000, 253.5000, 1.5708</POSITION>
 </TARGET>
 <TARGET DESC="" NAME="T_CupPlace_2_Enrance_0deg">
  <TYPE>APPROACH, JOINT</TYPE>
  <POSITION>1337.0300, -176.0200, 250.0000, -1.5708</POSITION>
 </TARGET>
</TARGET_COLLECTIONS>
